<?xml version="1.0" encoding="UTF-8" standalone="no"?>
<!-- Pretty self-explanatory. Offsets in hex, image sizes in decimal. -->
<!-- Use flip="true" to vertically flip images. Some reqire this. -->
<MiscImages>


	<Image offset="1164B8" palette="11A240" fmt="CI-8" w="150" h="105" out="peach_letter"/>

	<Image offset="390810" fmt="IA-4" w="64" h="125" flip="true" out="text_action_rating"/>
	<Image offset="3ED4E0" fmt="IA-8" w="128" h="38" out="text_chapter"/>

	<Image offset="7A8C39" fmt="IA-8" w="128" h="20" flip="true" out="text_star_point"/>
	<Image offset="7A9C78" fmt="IA-8" w="128" h="27" flip="true" out="text_star_points"/>

	<!--	<Image offset="1FDB30" palette="1FDFB0" fmt="CI-8" w="48" h="24" out="1FDB30"/>	-->
	<Image offset="1FDB30" fmt="IA-8" w="48" h="24" out="1FDB30"/>

	<Image offset="1FE1B0" fmt="RGBA-16" w="128" h="112" out="logo-N64"/>
	<Image offset="2051B0" fmt="RGBA-16" w="256" h="112" out="logo-IS"/>
	<Image offset="2131B0" fmt="RGBA-16" w="256" h="48" out="logo-nintendo"/>

	<Image offset="2435F0" fmt="IA-8" w="128" h="128" out="intro_tape"/>
	<Image offset="2475F0" palette="24B5F0" fmt="CI-8" w="128" h="128" out="intro_silhouette"/>

	<!-- start pause data (135EE0-163400) -->
	<Image offset="1439F0" fmt="IA-8" w="16" h="32" out="ui/pause/1439F0"/>
	<Image offset="143BF0" fmt="IA-8" w="16" h="64" out="ui/pause/143BF0"/>
	<Image offset="143FF0" fmt="IA-8" w="16" h="64" out="ui/pause/143FF0"/>
	<Image offset="1443F0" palette="15D3F0" fmt="CI-8" w="320" h="320" out="ui/pause/world_map"/>
	<Image offset="15D5F0" palette="15F170" fmt="CI-4" w="128" h="110" out="ui/pause/spirits_bg"/>
	<Image offset="15F370" fmt="RGBA-16" w="8" h="8" out="ui/pause/15F370"/>
	<Image offset="15F570" fmt="IA-8" w="16" h="16" out="ui/pause/15F570"/>
	<Image offset="15F670" fmt="IA-8" w="16" h="16" out="ui/pause/15F670"/>
	<Image offset="15F770" fmt="IA-4" w="16" h="64" out="ui/pause/15F770"/>
	<Image offset="15F970" palette="15FB70" fmt="CI-4" w="64" h="16" out="ui/pause/15F970"/>
	<Image offset="15FD70" palette="15FF70" fmt="CI-4" w="64" h="16" out="ui/pause/15FD70"/>
	<Image offset="160170" palette="160370" fmt="CI-4" w="64" h="16" out="ui/pause/160370"/>
	<Image offset="160570" palette="1606F0" fmt="CI-4" w="48" h="16" out="ui/pause/160570"/>
	<Image offset="1608F0" palette="160A70" fmt="CI-4" w="48" h="16" out="ui/pause/1608F0"/>
	<Image offset="160C70" palette="160DF0" fmt="CI-4" w="48" h="16" out="ui/pause/160C70"/>
	<Image offset="160FF0" palette="1611F0" fmt="CI-4" w="64" h="16" out="ui/pause/160FF0"/>
	<Image offset="1613F0" palette="1617F0" fmt="CI-4" w="128" h="16" out="ui/pause/1613F0"/>
	<Image offset="1619F0" palette="161C70" fmt="CI-4" w="160" h="8" out="ui/pause/1619F0"/>
	<!-- end pause data (135EE0-163400) -->

	<Image offset="10A9F0" fmt="I-4" w="16" h="16" out="10A9F0"/>
	<Image offset="10AA70" fmt="I-4" w="16" h="16" out="10AA70"/>
	<!-- followed by a few verticies at 10AAF0 -->
	<Image offset="10AB70" fmt="I-4" w="32" h="32" out="10AB70"/>
	<Image offset="10AD70" fmt="I-4" w="32" h="32" out="10AD70"/>

	<Image offset="10CEB0" palette="10DC30" fmt="CI-4" w="32" h="64" out="ui/message/10CEB0"/>
	<Image offset="10D2B0" palette="10DC30" fmt="CI-4" w="8"  h="64" out="ui/message/10D2B0"/>
	<Image offset="10D3B0" palette="10DC30" fmt="CI-4" w="32" h="64" out="ui/message/10D3B0"/>

	<Image offset="10D7B0" palette="10DC30" fmt="CI-4" w="16" h="16" out="ui/message/10D7B0"/>
	<Image offset="10D830" palette="10DC30" fmt="CI-4" w="8"  h="8"  out="ui/message/10D830"/>
	<Image offset="10D850" palette="10DC30" fmt="CI-4" w="8"  h="8"  out="ui/message/10D850"/>
	<Image offset="10D870" palette="10DC30" fmt="CI-4" w="8"  h="8"  out="ui/message/10D870"/>
	<Image offset="10D890" palette="10DC30" fmt="CI-4" w="8"  h="8"  out="ui/message/10D890"/>
	<Image offset="10D8B0" palette="10DC30" fmt="CI-4" w="8"  h="8"  out="ui/message/10D8B0"/>
	<Image offset="10D8D0" palette="10DC30" fmt="CI-4" w="8"  h="8"  out="ui/message/10D8D0"/>
	<Image offset="10D8F0" palette="10DC30" fmt="CI-4" w="8"  h="8"  out="ui/message/10D8F0"/>
	<Image offset="10D910" palette="10DC30" fmt="CI-4" w="8"  h="8"  out="ui/message/10D910"/>
	<Image offset="10D930" palette="10DC30" fmt="CI-4" w="8"  h="8"  out="ui/message/10D930"/>
	<Image offset="10D950" palette="10DC30" fmt="CI-4" w="8"  h="8"  out="ui/message/10D950"/>
	<Image offset="10D970" palette="10DC30" fmt="CI-4" w="8"  h="8"  out="ui/message/10D970"/>
	<Image offset="10D990" palette="10DC30" fmt="CI-4" w="8"  h="8"  out="ui/message/10D990"/>
	<Image offset="10D9B0" palette="10DC30" fmt="CI-4" w="8"  h="8"  out="ui/message/10D9B0"/>
	<Image offset="10D9D0" palette="10DC30" fmt="CI-4" w="8"  h="8"  out="ui/message/10D9D0"/>
	<Image offset="10D9F0" palette="10DC30" fmt="CI-4" w="8"  h="8"  out="ui/message/10D9F0"/>
	<Image offset="10DA10" palette="10DC30" fmt="CI-4" w="8"  h="8"  out="ui/message/10DA10"/>
	<Image offset="10DA30" palette="10DC30" fmt="CI-4" w="8"  h="8"  out="ui/message/10DA30"/>
	<Image offset="10DA50" palette="10DC30" fmt="CI-4" w="8"  h="8"  out="ui/message/10DA50"/>
	<Image offset="10DA70" palette="10DC30" fmt="CI-4" w="8"  h="8"  out="ui/message/10DA70"/>
	<Image offset="10DA90" palette="10DC30" fmt="CI-4" w="8"  h="8"  out="ui/message/10DA90"/>
	<Image offset="10DAB0" palette="10DC30" fmt="CI-4" w="8"  h="8"  out="ui/message/10DAB0"/>
	<Image offset="10DAD0" palette="10DC30" fmt="CI-4" w="8"  h="8"  out="ui/message/10DAD0"/>
	<Image offset="10DAF0" palette="10DC30" fmt="CI-4" w="8"  h="8"  out="ui/message/10DAF0"/>
	<Image offset="10DB10" palette="10DC30" fmt="CI-4" w="8"  h="8"  out="ui/message/10DB10"/>
	<Image offset="10DB30" palette="10DC30" fmt="CI-4" w="8"  h="8"  out="ui/message/10DB30"/>
	<Image offset="10DB50" palette="10DC30" fmt="CI-4" w="8"  h="8"  out="ui/message/10DB50"/>
	<Image offset="10DB70" palette="10DC30" fmt="CI-4" w="8"  h="8"  out="ui/message/10DB70"/>
	<Image offset="10DB90" palette="10DC30" fmt="CI-4" w="8"  h="8"  out="ui/message/10DB90"/>
	<Image offset="10DBB0" palette="10DC30" fmt="CI-4" w="8"  h="8"  out="ui/message/10DBB0"/>
	<Image offset="10DBD0" palette="10DC30" fmt="CI-4" w="8"  h="8"  out="ui/message/10DBD0"/>
	<Image offset="10DBF0" palette="10DC30" fmt="CI-4" w="8"  h="8"  out="ui/message/10DBF0"/>
	<Image offset="10DC10" palette="10DC30" fmt="CI-4" w="8"  h="8"  out="ui/message/10DC10"/>
	<!-- every 0x20 bytes until 10DC30 -->

	<!-- sign message box images; alternative palette for metallic sign is located at 10E570 -->
	<Image offset="10DE30" palette="10E550" fmt="CI-4" w="16" h="16" out="ui/message/10DE30"/>
	<Image offset="10DEB0" palette="10E550" fmt="CI-4" w="16" h="16" out="ui/message/10DEB0"/>
	<Image offset="10DF30" palette="10E550" fmt="CI-4" w="16" h="16" out="ui/message/10DF30"/>
	<Image offset="10DFB0" palette="10E550" fmt="CI-4" w="16" h="16" out="ui/message/10DFB0"/>
	<Image offset="10E030" palette="10E550" fmt="CI-4" w="16" h="16" out="ui/message/10E030"/>
	<Image offset="10E0B0" palette="10E550" fmt="CI-4" w="16" h="32" out="ui/message/10E0B0"/>
	<Image offset="10E130" palette="10E550" fmt="CI-4" w="16" h="16" out="ui/message/10E130"/>
	<Image offset="10E1B0" palette="10E550" fmt="CI-4" w="16" h="40" out="ui/message/10E1B0"/>
	<Image offset="10E2F0" palette="10E550" fmt="CI-4" w="16" h="40" out="ui/message/10E2F0"/>
	<Image offset="10E430" palette="10E550" fmt="CI-4" w="16" h="32" out="ui/message/10E430"/>
	<Image offset="10E530" palette="10E550" fmt="CI-4" w="8"  h="8"  out="ui/message/10E530"/>

	<!-- 0x40 palettes here -->
	<Image offset="10E590" palette="24B5F0" fmt="I-4"  w="64" h="64" out="ui/message/10E590"/>
	<Image offset="10ED90" palette="10EEB0" fmt="CI-4" w="24" h="24" out="ui/message/10ED90"/>
	<Image offset="10EED0" palette="10EEB0" fmt="RGBA-16" w="16" h="18" out="ui/message/10EED0"/>
	<Image offset="10F110" palette="24B5F0" fmt="I-4"  w="16" h="18" out="ui/message/10F110"/>

	<!-- images used for UI elements -->
	<Image offset="0919B0" palette="091D70" fmt="CI-4" w="48" h="40" out="ui/919B0_91D70"/>
	<Image offset="091D90" palette="092150" fmt="CI-4" w="48" h="40" out="ui/91D90_92150"/>
	<Image offset="092170" palette="092370" fmt="CI-4" w="32" h="32" out="ui/92170_92370"/>
	<Image offset="092390" palette="092610" fmt="CI-4" w="40" h="32" out="ui/92390_92610"/>
	<Image offset="092630" palette="092830" fmt="CI-4" w="32" h="32" out="ui/92630_92830"/>
	<Image offset="092850" palette="092AD0" fmt="CI-4" w="40" h="32" out="ui/92850_92AD0"/>
	<Image offset="092AF0" palette="092CF0" fmt="CI-4" w="32" h="32" out="ui/92AF0_92CF0"/>
	<Image offset="092D10" palette="092F10" fmt="CI-4" w="32" h="32" out="ui/92D10_92F10"/>
	<Image offset="092F30" palette="093130" fmt="CI-4" w="32" h="32" out="ui/92F30_93130"/>
	<Image offset="093150" palette="093390" fmt="CI-4" w="72" h="16" out="ui/93150_93390"/>
	<Image offset="0933B0" palette="093470" fmt="CI-4" w="24" h="16" out="ui/933B0_93470"/>
	<Image offset="093490" palette="093850" fmt="CI-4" w="48" h="40" out="ui/93490_93850"/>
	<Image offset="093870" palette="093C30" fmt="CI-4" w="48" h="40" out="ui/93870_93C30"/>
	<Image offset="093C50" palette="093CB0" fmt="CI-4" w="24" h="8" out="ui/93C50_93CB0"/>
	<Image offset="093CD0" palette="093ED0" fmt="CI-4" w="32" h="32" out="ui/93CD0_93ED0"/>
	<Image offset="093CD0" palette="093EF0" fmt="CI-4" w="32" h="32" out="ui/93CD0_93EF0"/>
	<Image offset="093F10" palette="094110" fmt="CI-4" w="32" h="32" out="ui/93F10_94110"/>
	<Image offset="093F10" palette="094130" fmt="CI-4" w="32" h="32" out="ui/93F10_94130"/>
	<Image offset="094150" palette="094350" fmt="CI-4" w="32" h="32" out="ui/94150_94350"/>
	<Image offset="094150" palette="094370" fmt="CI-4" w="32" h="32" out="ui/94150_94370"/>
	<Image offset="094390" palette="094590" fmt="CI-4" w="32" h="32" out="ui/94390_94590"/>
	<Image offset="094390" palette="0945B0" fmt="CI-4" w="32" h="32" out="ui/94390_945B0"/>
	<Image offset="0945D0" palette="0947D0" fmt="CI-4" w="32" h="32" out="ui/945D0_947D0"/>
	<Image offset="0945D0" palette="0947F0" fmt="CI-4" w="32" h="32" out="ui/945D0_947F0"/>
	<Image offset="094810" palette="094A10" fmt="CI-4" w="32" h="32" out="ui/94810_94A10"/>
	<Image offset="094810" palette="094A30" fmt="CI-4" w="32" h="32" out="ui/94810_94A30"/>
	<Image offset="094A50" palette="094C50" fmt="CI-4" w="32" h="32" out="ui/94A50_94C50"/>
	<Image offset="094A50" palette="094C70" fmt="CI-4" w="32" h="32" out="ui/94A50_94C70"/>
	<Image offset="094C90" palette="094E90" fmt="CI-4" w="32" h="32" out="ui/94C90_94E90"/>
	<Image offset="094C90" palette="094EB0" fmt="CI-4" w="32" h="32" out="ui/94C90_94EB0"/>
	<Image offset="094ED0" palette="094F50" fmt="CI-4" w="16" h="16" out="ui/94ED0_94F50"/>
	<Image offset="094F70" palette="094FF0" fmt="CI-4" w="16" h="16" out="ui/94F70_94FF0"/>
	<Image offset="095010" palette="095090" fmt="CI-4" w="16" h="16" out="ui/95010_95090"/>
	<Image offset="0950B0" palette="0950D0" fmt="CI-4" w="8" h="8" out="ui/950B0_950D0"/>
	<Image offset="0950F0" palette="095110" fmt="CI-4" w="8" h="8" out="ui/950F0_95110"/>
	<Image offset="095130" palette="095150" fmt="CI-8" w="8" h="8" out="ui/95130_95150"/>
	<Image offset="095170" palette="095190" fmt="CI-8" w="8" h="8" out="ui/95170_95190"/>
	<Image offset="0951B0" palette="0951D0" fmt="CI-8" w="8" h="8" out="ui/951B0_951D0"/>
	<Image offset="0951F0" palette="095210" fmt="CI-8" w="8" h="8" out="ui/951F0_95210"/>
	<Image offset="095230" palette="095250" fmt="CI-8" w="8" h="8" out="ui/95230_95250"/>
	<Image offset="095270" palette="095290" fmt="CI-8" w="8" h="8" out="ui/95270_95290"/>
	<Image offset="0952B0" palette="0952D0" fmt="CI-8" w="8" h="8" out="ui/952B0_952D0"/>
	<Image offset="0952F0" fmt="IA-8" w="24" h="24" out="ui/bubble"/>
	<Image offset="095530" palette="0955B0" fmt="CI-4" w="16" h="16" out="ui/95530_955B0"/>
	<Image offset="0955D0" palette="095650" fmt="CI-4" w="16" h="16" out="ui/955D0_95650"/>
	<Image offset="095670" palette="0956F0" fmt="CI-4" w="16" h="16" out="ui/95670_956F0"/>
	<Image offset="095710" palette="095730" fmt="CI-4" w="8" h="8" out="ui/95710_95730"/>
	<Image offset="095750" palette="095790" fmt="CI-4" w="16" h="8" out="ui/95750_95790"/>
	<Image offset="095750" palette="0957B0" fmt="CI-4" w="16" h="8" out="ui/95750_957B0"/>
	<Image offset="095750" palette="0957D0" fmt="CI-4" w="16" h="8" out="ui/95750_957D0"/>
	<Image offset="095750" palette="0957F0" fmt="CI-4" w="16" h="8" out="ui/95750_957F0"/>
	<Image offset="095810" palette="095850" fmt="CI-4" w="16" h="8" out="ui/95810_95850"/>
	<Image offset="095810" palette="095870" fmt="CI-4" w="16" h="8" out="ui/95810_95870"/>
	<Image offset="095810" palette="095890" fmt="CI-4" w="16" h="8" out="ui/95810_95890"/>
	<Image offset="095810" palette="0958B0" fmt="CI-4" w="16" h="8" out="ui/95810_958B0"/>
	<Image offset="0958D0" palette="095910" fmt="CI-4" w="16" h="8" out="ui/958D0_95910"/>
	<Image offset="095930" palette="095970" fmt="CI-4" w="16" h="8" out="ui/95930_95970"/>
	<Image offset="095990" palette="095C30" fmt="CI-4" w="56" h="24" out="ui/95990_95C30"/>
	<Image offset="095C50" palette="095CD0" fmt="CI-4" w="16" h="16" out="ui/95C50_95CD0"/>
	<Image offset="095CF0" palette="095D70" fmt="CI-4" w="16" h="16" out="ui/95CF0_95D70"/>
	<Image offset="095D90" palette="095E10" fmt="CI-4" w="16" h="16" out="ui/95D90_95E10"/>
	<Image offset="095E30" palette="095FF0" fmt="CI-4" w="112" h="8" out="ui/95E30_95FF0"/>
	<Image offset="096010" palette="0961D0" fmt="CI-4" w="112" h="8" out="ui/96010_961D0"/>
	<Image offset="0961F0" palette="096390" fmt="CI-4" w="104" h="8" out="ui/961F0_96390"/>
	<Image offset="0963B0" palette="0965B0" fmt="CI-4" w="32" h="32" out="ui/963B0_965B0"/>
	<Image offset="0963B0" palette="0965D0" fmt="CI-4" w="32" h="32" out="ui/963B0_965D0"/>
	<Image offset="0965F0" palette="0967F0" fmt="CI-4" w="32" h="32" out="ui/965F0_967F0"/>
	<Image offset="0965F0" palette="096810" fmt="CI-4" w="32" h="32" out="ui/965F0_96810"/>
	<Image offset="096830" palette="096A30" fmt="CI-4" w="32" h="32" out="ui/96830_96A30"/>
	<Image offset="096830" palette="096A50" fmt="CI-4" w="32" h="32" out="ui/96830_96A50"/>
	<Image offset="096A70" palette="096C70" fmt="CI-4" w="32" h="32" out="ui/96A70_96C70"/>
	<Image offset="096A70" palette="096C90" fmt="CI-4" w="32" h="32" out="ui/96A70_96C90"/>
	<Image offset="096CB0" palette="096EB0" fmt="CI-4" w="32" h="32" out="ui/96CB0_96EB0"/>
	<Image offset="096CB0" palette="096ED0" fmt="CI-4" w="32" h="32" out="ui/96CB0_96ED0"/>
	<Image offset="096EF0" palette="0970F0" fmt="CI-4" w="32" h="32" out="ui/96EF0_970F0"/>
	<Image offset="096EF0" palette="097110" fmt="CI-4" w="32" h="32" out="ui/96EF0_97110"/>
	<Image offset="097130" palette="097330" fmt="CI-4" w="32" h="32" out="ui/97130_97330"/>
	<Image offset="097130" palette="097350" fmt="CI-4" w="32" h="32" out="ui/97130_97350"/>
	<Image offset="097370" palette="097570" fmt="CI-4" w="32" h="32" out="ui/97370_97570"/>
	<Image offset="097370" palette="097590" fmt="CI-4" w="32" h="32" out="ui/97370_97590"/>
	<Image offset="0975B0" palette="0977B0" fmt="CI-4" w="32" h="32" out="ui/975B0_977B0"/>
	<Image offset="0975B0" palette="0977D0" fmt="CI-4" w="32" h="32" out="ui/975B0_977D0"/>
	<Image offset="0977F0" palette="097870" fmt="CI-4" w="16" h="16" out="ui/977F0_97870"/>
	<Image offset="097890" palette="097A90" fmt="CI-4" w="32" h="32" out="ui/97890_97A90"/>
	<Image offset="097890" palette="097AB0" fmt="CI-4" w="32" h="32" out="ui/97890_97AB0"/>
	<Image offset="097AD0" palette="097CD0" fmt="CI-4" w="32" h="32" out="ui/97AD0_97CD0"/>
	<Image offset="097AD0" palette="097CF0" fmt="CI-4" w="32" h="32" out="ui/97AD0_97CF0"/>
	<Image offset="097D10" palette="097F10" fmt="CI-4" w="32" h="32" out="ui/97D10_97F10"/>
	<Image offset="097D10" palette="097F30" fmt="CI-4" w="32" h="32" out="ui/97D10_97F30"/>
	<Image offset="097F50" palette="098150" fmt="CI-4" w="32" h="32" out="ui/97F50_98150"/>
	<Image offset="097F50" palette="098170" fmt="CI-4" w="32" h="32" out="ui/97F50_98170"/>
	<Image offset="098190" palette="098390" fmt="CI-4" w="32" h="32" out="ui/98190_98390"/>
	<Image offset="098190" palette="0983B0" fmt="CI-4" w="32" h="32" out="ui/98190_983B0"/>
	<Image offset="0983D0" palette="0985D0" fmt="CI-4" w="32" h="32" out="ui/983D0_985D0"/>
	<Image offset="0983D0" palette="0985F0" fmt="CI-4" w="32" h="32" out="ui/983D0_985F0"/>
	<Image offset="098610" palette="098810" fmt="CI-4" w="32" h="32" out="ui/98610_98810"/>
	<Image offset="098610" palette="098830" fmt="CI-4" w="32" h="32" out="ui/98610_98830"/>
	<Image offset="098850" palette="098A50" fmt="CI-4" w="32" h="32" out="ui/98850_98A50"/>
	<Image offset="098850" palette="098A70" fmt="CI-4" w="32" h="32" out="ui/98850_98A70"/>
	<Image offset="098A90" palette="098C90" fmt="CI-4" w="32" h="32" out="ui/98A90_98C90"/>
	<Image offset="098A90" palette="098CB0" fmt="CI-4" w="32" h="32" out="ui/98A90_98CB0"/>
	<Image offset="098CD0" palette="098ED0" fmt="CI-4" w="32" h="32" out="ui/98CD0_98ED0"/>
	<Image offset="098CD0" palette="098EF0" fmt="CI-4" w="32" h="32" out="ui/98CD0_98EF0"/>
	<Image offset="098F10" palette="099110" fmt="CI-4" w="32" h="32" out="ui/98F10_99110"/>
	<Image offset="098F10" palette="099130" fmt="CI-4" w="32" h="32" out="ui/98F10_99130"/>
	<Image offset="099150" palette="099350" fmt="CI-4" w="32" h="32" out="ui/99150_99350"/>
	<Image offset="099150" palette="099370" fmt="CI-4" w="32" h="32" out="ui/99150_99370"/>
	<Image offset="099390" palette="0993B0" fmt="CI-4" w="8" h="8" out="ui/99390_993B0"/>
	<Image offset="0993D0" palette="099410" fmt="CI-4" w="8" h="16" out="ui/993D0_99410"/>
	<Image offset="099430" palette="0994B0" fmt="CI-4" w="16" h="16" out="ui/99430_994B0"/>
	<Image offset="0994D0" palette="099550" fmt="CI-4" w="16" h="16" out="ui/994D0_99550"/>
	<Image offset="099570" palette="0995F0" fmt="CI-4" w="16" h="16" out="ui/99570_995F0"/>
	<Image offset="099610" palette="099690" fmt="CI-4" w="16" h="16" out="ui/99610_99690"/>
	<Image offset="0996B0" palette="099730" fmt="CI-4" w="16" h="16" out="ui/996B0_99730"/>
	<Image offset="099750" palette="0997D0" fmt="CI-4" w="16" h="16" out="ui/99750_997D0"/>
	<Image offset="0997F0" palette="099870" fmt="CI-4" w="16" h="16" out="ui/997F0_99870"/>
	<Image offset="099890" palette="099910" fmt="CI-4" w="16" h="16" out="ui/99890_99910"/>
	<Image offset="099930" palette="0999B0" fmt="CI-4" w="16" h="16" out="ui/99930_999B0"/>
	<Image offset="0999D0" palette="099A50" fmt="CI-4" w="16" h="16" out="ui/999D0_99A50"/>
	<Image offset="099A70" palette="099AF0" fmt="CI-4" w="16" h="16" out="ui/99A70_99AF0"/>
	<Image offset="099B10" palette="099B90" fmt="CI-4" w="16" h="16" out="ui/99B10_99B90"/>
	<Image offset="099BB0" palette="099BD0" fmt="CI-4" w="8" h="8" out="ui/99BB0_99BD0"/>
	<Image offset="099BF0" palette="099C10" fmt="CI-4" w="8" h="8" out="ui/99BF0_99C10"/>
	<Image offset="099C30" palette="099C50" fmt="CI-4" w="8" h="8" out="ui/99C30_99C50"/>
	<Image offset="099C70" palette="099C90" fmt="CI-4" w="8" h="8" out="ui/99C70_99C90"/>
	<Image offset="099CB0" palette="099CD0" fmt="CI-4" w="8" h="8" out="ui/99CB0_99CD0"/>
	<Image offset="099CF0" palette="099D10" fmt="CI-4" w="8" h="8" out="ui/99CF0_99D10"/>
	<Image offset="099D30" palette="099D50" fmt="CI-4" w="8" h="8" out="ui/99D30_99D50"/>
	<Image offset="099D70" palette="099D90" fmt="CI-4" w="8" h="8" out="ui/99D70_99D90"/>
	<Image offset="099DB0" palette="099DD0" fmt="CI-4" w="8" h="8" out="ui/99DB0_99DD0"/>
	<Image offset="099DF0" palette="099E10" fmt="CI-4" w="8" h="8" out="ui/99DF0_99E10"/>
	<Image offset="099E30" palette="099E50" fmt="CI-4" w="8" h="8" out="ui/99E30_99E50"/>
	<Image offset="099E70" palette="099E90" fmt="CI-4" w="8" h="8" out="ui/99E70_99E90"/>
	<Image offset="099EB0" palette="099ED0" fmt="CI-4" w="8" h="8" out="ui/99EB0_99ED0"/>
	<Image offset="099EF0" palette="099F10" fmt="CI-4" w="8" h="8" out="ui/99EF0_99F10"/>
	<Image offset="099F30" palette="099F50" fmt="CI-4" w="8" h="8" out="ui/99F30_99F50"/>
	<Image offset="099F70" palette="099F90" fmt="CI-4" w="8" h="8" out="ui/99F70_99F90"/>
	<Image offset="099FB0" palette="09A030" fmt="CI-4" w="16" h="16" out="ui/99FB0_9A030"/>
	<Image offset="09A050" palette="09A0D0" fmt="CI-4" w="16" h="16" out="ui/9A050_9A0D0"/>
	<Image offset="09A0F0" palette="09A170" fmt="CI-4" w="16" h="16" out="ui/9A0F0_9A170"/>
	<Image offset="09A190" palette="09A210" fmt="CI-4" w="16" h="16" out="ui/9A190_9A210"/>
	<Image offset="09A230" palette="09A2B0" fmt="CI-4" w="16" h="16" out="ui/9A230_9A2B0"/>
	<Image offset="09A2D0" palette="09A350" fmt="CI-4" w="16" h="16" out="ui/9A2D0_9A350"/>
	<Image offset="09A370" palette="09A3F0" fmt="CI-4" w="16" h="16" out="ui/9A370_9A3F0"/>
	<Image offset="09A410" palette="09A490" fmt="CI-4" w="16" h="16" out="ui/9A410_9A490"/>
	<Image offset="09A4B0" palette="09A530" fmt="CI-4" w="16" h="16" out="ui/9A4B0_9A530"/>
	<Image offset="09A550" palette="09A5D0" fmt="CI-4" w="16" h="16" out="ui/9A550_9A5D0"/>
	<Image offset="09A5F0" palette="09A670" fmt="CI-4" w="16" h="16" out="ui/9A5F0_9A670"/>
	<Image offset="09A690" palette="09A710" fmt="CI-4" w="16" h="16" out="ui/9A690_9A710"/>
	<Image offset="09A730" palette="09A7B0" fmt="CI-4" w="16" h="16" out="ui/9A730_9A7B0"/>
	<Image offset="09A7D0" palette="09A850" fmt="CI-4" w="16" h="16" out="ui/9A7D0_9A850"/>
	<Image offset="09A870" palette="09A8F0" fmt="CI-4" w="16" h="16" out="ui/9A870_9A8F0"/>
	<Image offset="09A910" palette="09A990" fmt="CI-4" w="16" h="16" out="ui/9A910_9A990"/>
	<Image offset="09A9B0" palette="09AA30" fmt="CI-4" w="16" h="16" out="ui/9A9B0_9AA30"/>
	<Image offset="09AA50" palette="09AAD0" fmt="CI-4" w="16" h="16" out="ui/9AA50_9AAD0"/>
	<Image offset="09AAF0" palette="09AB70" fmt="CI-4" w="16" h="16" out="ui/9AAF0_9AB70"/>
	<Image offset="09AB90" palette="09AC10" fmt="CI-4" w="16" h="16" out="ui/9AB90_9AC10"/>
	<Image offset="09AC30" palette="09AD50" fmt="CI-4" w="24" h="24" out="ui/status_bonus_jump"/>
	<Image offset="09AD70" palette="09AE90" fmt="CI-4" w="24" h="24" out="ui/status_bonus_smash"/>
	<Image offset="09AEB0" palette="09AFD0" fmt="CI-4" w="24" h="24" out="ui/status_bonus_goombario"/>
	<Image offset="09AFF0" palette="09B110" fmt="CI-4" w="24" h="24" out="ui/status_bonus_general"/>
	<Image offset="09B130" palette="09B1B0" fmt="CI-4" w="16" h="16" out="ui/status_sleep_1"/>
	<Image offset="09B1D0" palette="09B250" fmt="CI-4" w="16" h="16" out="ui/status_sleep_2"/>
	<Image offset="09B270" palette="09B2F0" fmt="CI-4" w="16" h="16" out="ui/status_sleep_3"/>
	<Image offset="09B310" palette="09B390" fmt="CI-4" w="16" h="16" out="ui/status_static_1"/>
	<Image offset="09B310" palette="09B430" fmt="CI-4" w="16" h="16" out="ui/status_static_2"/>
	<Image offset="09B3B0" palette="09B390" fmt="CI-4" w="16" h="16" out="ui/status_static_3"/>
	<Image offset="09B3B0" palette="09B430" fmt="CI-4" w="16" h="16" out="ui/status_static_4"/>
	<Image offset="09B450" palette="09B4D0" fmt="CI-4" w="16" h="16" out="ui/status_static_5"/>
	<Image offset="09B450" palette="09B570" fmt="CI-4" w="16" h="16" out="ui/status_static_6"/>
	<Image offset="09B4F0" palette="09B4D0" fmt="CI-4" w="16" h="16" out="ui/status_static_7"/>
	<Image offset="09B4F0" palette="09B570" fmt="CI-4" w="16" h="16" out="ui/status_static_8"/>
	<Image offset="09B590" palette="09B610" fmt="CI-4" w="16" h="16" out="ui/status_dizzy_1"/>
	<Image offset="09B630" palette="09B6B0" fmt="CI-4" w="16" h="16" out="ui/status_dizzy_2"/>
	<Image offset="09B6D0" palette="09B750" fmt="CI-4" w="16" h="16" out="ui/status_dizzy_3"/>
	<Image offset="09B770" palette="09B7F0" fmt="CI-4" w="16" h="16" out="ui/status_dizzy_4"/>
	<Image offset="09B810" palette="09B890" fmt="CI-4" w="16" h="16" out="ui/status_poison_1"/>
	<Image offset="09B8B0" palette="09B930" fmt="CI-4" w="16" h="16" out="ui/status_poison_2"/>
	<Image offset="09B950" palette="09B9D0" fmt="CI-4" w="16" h="16" out="ui/status_frozen_1"/>
	<Image offset="09B9F0" palette="09BA70" fmt="CI-4" w="16" h="16" out="ui/status_frozen_2"/>
	<Image offset="09BA90" palette="09BB10" fmt="CI-4" w="16" h="16" out="ui/status_frozen_3"/>
	<Image offset="09BB30" palette="09BBB0" fmt="CI-4" w="16" h="16" out="ui/status_frozen_4"/>
	<Image offset="09BBD0" palette="09BC50" fmt="CI-4" w="16" h="16" out="ui/status_stop_1"/>
	<Image offset="09BC70" palette="09BCF0" fmt="CI-4" w="16" h="16" out="ui/status_stop_2"/>
	<Image offset="09BD10" palette="09BD90" fmt="CI-4" w="16" h="16" out="ui/status_stop_3"/>
	<Image offset="09BDB0" palette="09BE30" fmt="CI-4" w="16" h="16" out="ui/status_stop_4"/>
	<Image offset="09BE50" palette="09BED0" fmt="CI-4" w="16" h="16" out="ui/status_pdown_1"/>
	<Image offset="09BEF0" palette="09BF70" fmt="CI-4" w="16" h="16" out="ui/status_pdown_2"/>
	<Image offset="09BF90" palette="09C010" fmt="CI-4" w="16" h="16" out="ui/status_shrink_1"/>
	<Image offset="09C030" palette="09C0B0" fmt="CI-4" w="16" h="16" out="ui/status_shrink_2"/>
	<Image offset="09C0D0" palette="09C150" fmt="CI-4" w="16" h="16" out="ui/status_shrink_3"/>
	<Image offset="09C170" palette="09C1F0" fmt="CI-4" w="16" h="16" out="ui/status_shrink_4"/>
	<Image offset="09C210" palette="09C290" fmt="CI-4" w="16" h="16" out="ui/status_trans_1"/>
	<Image offset="09C2B0" palette="09C330" fmt="CI-4" w="16" h="16" out="ui/status_trans_2"/>
	<Image offset="09C350" palette="09C3D0" fmt="CI-4" w="16" h="16" out="ui/status_trans_3"/>
	<Image offset="09C3F0" palette="09C470" fmt="CI-4" w="16" h="16" out="ui/status_trans_4"/>
	<Image offset="09C490" palette="09C510" fmt="CI-4" w="16" h="16" out="ui/status_trans_5"/>
	<Image offset="09C530" palette="09C5B0" fmt="CI-4" w="16" h="16" out="ui/status_trans_6"/>
	<Image offset="09C5D0" palette="09C710" fmt="CI-4" w="40" h="16" out="ui/status_hp_peril"/>
	<Image offset="09C730" palette="09C870" fmt="CI-4" w="40" h="16" out="ui/status_hp_danger"/>
	<Image offset="09C890" palette="09CA70" fmt="CI-4" w="40" h="24" out="ui/emote_refund"/>
	<Image offset="09CA90" palette="09CBD0" fmt="CI-4" w="40" h="16" out="ui/emote_happy"/>
	<Image offset="09CBF0" palette="09CD30" fmt="CI-4" w="40" h="16" out="ui/emote_hpdrain"/>
	<Image offset="09CD50" palette="09CF50" fmt="CI-4" w="32" h="32" out="ui/move_basic"/>
	<Image offset="09CD50" palette="09CF70" fmt="CI-4" w="32" h="32" out="ui/move_basic_disabled"/>
	<Image offset="09CF90" palette="09D190" fmt="CI-4" w="32" h="32" out="ui/move_parter_1"/>
	<Image offset="09CF90" palette="09D1B0" fmt="CI-4" w="32" h="32" out="ui/move_parter_1_disabled"/>
	<Image offset="09D1D0" palette="09D3D0" fmt="CI-4" w="32" h="32" out="ui/move_parter_2"/>
	<Image offset="09D1D0" palette="09D3F0" fmt="CI-4" w="32" h="32" out="ui/move_parter_2_disabled"/>
	<Image offset="09D410" palette="09D610" fmt="CI-4" w="32" h="32" out="ui/move_parter_3"/>
	<Image offset="09D410" palette="09D630" fmt="CI-4" w="32" h="32" out="ui/move_parter_3_disabled"/>
	<Image offset="09D658" fmt="RGBA-32" w="16" h="16" out="ui/stat_heart"/>
	<Image offset="09DA60" fmt="RGBA-32" w="16" h="16" out="ui/stat_flower"/>

	<!-- boxes in menus and such -->
	<Image offset="0A2960" fmt="IA-8" w="32" h="16" out="ui/box/A2960"/>
	<Image offset="0A2E90" fmt="IA-8" w="16" h="16" out="ui/box/A2E90"/>
	<Image offset="0A2F90" fmt="IA-8" w="16" h="16" out="ui/box/A2F90"/>
	<Image offset="0A3090" fmt="IA-8" w="16" h="16" out="ui/box/A3090"/>
	<Image offset="0A3190" fmt="IA-8" w="16" h="16" out="ui/box/A3190"/>
	<Image offset="0A3290" fmt="IA-8" w="24" h="24" out="ui/box/A3290"/>
	<Image offset="0A34D0" fmt="IA-8" w="24" h="24" out="ui/box/A34D0"/>
	<Image offset="0A3710" fmt="IA-8" w="24" h="24" out="ui/box/A3710"/>
	<Image offset="0A3950" fmt="IA-8" w="24" h="24" out="ui/box/A3950"/>
	<Image offset="0A3B90" fmt="IA-8" w="16" h="8"  out="ui/box/A3B90"/>
	<Image offset="0A3C10" fmt="IA-8" w="16" h="8"  out="ui/box/A3C10"/>
	<Image offset="0A3C90" fmt="IA-8" w="16" h="8"  out="ui/box/A3C90"/>
	<Image offset="0A3D10" fmt="IA-8" w="16" h="16" out="ui/box/A3D10"/>
	<Image offset="0A3E10" fmt="IA-8" w="16" h="8"  out="ui/box/A3E10"/>
	<Image offset="0A3E90" fmt="IA-8" w="16" h="8"  out="ui/box/A3E90"/>
	<Image offset="0A3F10" fmt="IA-8" w="16" h="8"  out="ui/box/A3F10"/>
	<Image offset="0A3F90" fmt="IA-8" w="16" h="8"  out="ui/box/A3F90"/>
	<Image offset="0A4010" fmt="IA-8" w="16" h="32" out="ui/box/A4010"/>
	<Image offset="0A4210" fmt="IA-8" w="16" h="32" out="ui/box/A4210"/>
	<Image offset="0A4410" fmt="IA-8" w="16" h="16" out="ui/box/A4410"/>
	<Image offset="0A4510" fmt="IA-8" w="16" h="16" out="ui/box/A4510"/>
	<Image offset="0A4610" fmt="IA-8" w="16" h="8"  out="ui/box/A4610"/>
	<Image offset="0A4690" fmt="IA-8" w="16" h="8"  out="ui/box/A4690"/>
	<Image offset="0A4710" fmt="IA-8" w="16" h="8"  out="ui/box/A4710"/>
	<Image offset="0A4790" fmt="IA-8" w="16" h="8"  out="ui/box/A4790"/>
	<Image offset="0A4810" fmt="IA-8" w="8"  h="8"  out="ui/box/A4810"/>
	<Image offset="0A4850" fmt="IA-8" w="8"  h="8"  out="ui/box/A4850"/>
	<Image offset="0A4890" fmt="IA-8" w="8"  h="8"  out="ui/box/A4890"/>
	<Image offset="0A48D0" fmt="IA-8" w="8"  h="8"  out="ui/box/A48D0"/>
	<Image offset="0A4910" fmt="IA-8" w="8"  h="8"  out="ui/box/A4910"/>
	<Image offset="0A4950" fmt="IA-8" w="8"  h="8"  out="ui/box/A4950"/>
	<Image offset="0A4990" fmt="IA-8" w="16" h="16" out="ui/box/A4990"/>
	<Image offset="0A4A90" fmt="IA-8" w="16" h="16" out="ui/box/A4A90"/>
	<Image offset="0A4B90" fmt="IA-8" w="16" h="16" out="ui/box/A4B90"/>
	<Image offset="0A4C90" fmt="IA-8" w="16" h="16" out="ui/box/A4C90"/>
	<Image offset="0A4D90" fmt="IA-8" w="8"  h="16" out="ui/box/A4D90"/>
	<Image offset="0A4E10" fmt="IA-8" w="8"  h="16" out="ui/box/A4E10"/>
	<Image offset="0A4E90" fmt="IA-8" w="8"  h="16" out="ui/box/A4E90"/>
	<Image offset="0A4F10" fmt="IA-8" w="8"  h="16" out="ui/box/A4F10"/>
</MiscImages>